{
  "BaTiO3": {
    "5": {
      "C4": 650,
      "R4": 0.562,
      "C1": 187.33333333333334,
      "R1": 1.95,
      "E": 0.5146520146520147,
      "Tan(d)": 11476.237963563515
    },
    "7": {
      "C4": 650,
      "R4": 0.548,
      "C1": 182.66666666666666,
      "R1": 1.95,
      "E": 0.5018315018315018,
      "Tan(d)": 15666.49424492158
    },
    "10": {
      "C4": 700,
      "R4": 0.544,
      "C1": 181.33333333333334,
      "R1": 2.1,
      "E": 0.4981684981684982,
      "Tan(d)": 23926.369649739867
    },
    "15": {
      "C4": 750,
      "R4": 0.54,
      "C1": 180.0,
      "R1": 2.25,
      "E": 0.4945054945054945,
      "Tan(d)": 38170.35074111598
    },
    "20": {
      "C4": 800,
      "R4": 0.534,
      "C1": 178.0,
      "R1": 2.4,
      "E": 0.489010989010989,
      "Tan(d)": 53683.53526454238
    },
    "25": {
      "C4": 650,
      "R4": 0.532,
      "C1": 177.33333333333334,
      "R1": 1.95,
      "E": 0.4871794871794872,
      "Tan(d)": 54318.13698056753
    },
    "30": {
      "C4": 600,
      "R4": 0.53,
      "C1": 176.66666666666666,
      "R1": 1.8,
      "E": 0.48534798534798534,
      "Tan(d)": 59941.58783049325
    },
    "40": {
      "C4": 500,
      "R4": 0.528,
      "C1": 176.0,
      "R1": 1.5,
      "E": 0.4835164835164835,
      "Tan(d)": 66350.43684381644
    },
    "50": {
      "C4": 400,
      "R4": 0.524,
      "C1": 174.66666666666666,
      "R1": 1.2,
      "E": 0.4798534798534798,
      "Tan(d)": 65847.78201924206
    }
  },
  "MLCC": {
    "10": {
      "R4": 0.954,
      "C1": 400
    },
    "15": {
      "R4": 0.956,
      "C1": 350
    },
    "20": {
      "R4": 0.958,
      "C1": 300
    },
    "25": {
      "R4": 0.956,
      "C1": 250
    },
    "30": {
      "R4": 0.952,
      "C1": 250
    },
    "35": {
      "R4": 0.95,
      "C1": 200
    },
    "40": {
      "R4": 0.948,
      "C1": 200
    }
  },
  "ceramic": {
    "10": {
      "R4": 0.874,
      "C1": 300
    },
    "15": {
      "R4": 0.886,
      "C1": 250
    },
    "20": {
      "R4": 0.87,
      "C1": 200
    },
    "25": {
      "R4": 0.876,
      "C1": 200
    },
    "30": {
      "R4": 0.872,
      "C1": 200
    }
  }
}