{
  "50": {
    "15": {
      "R4": 0.594,
      "C4": 400,
      "C1": 198.0,
      "E": 0.5439560439560439
    },
    "25": {
      "R4": 0.582,
      "C4": 400,
      "C1": 194.0,
      "E": 0.532967032967033
    },
    "35": {
      "R4": 0.572,
      "C4": 400,
      "C1": 190.66666666666666,
      "E": 0.5238095238095238
    },
    "45": {
      "R4": 0.568,
      "C4": 300,
      "C1": 189.33333333333334,
      "E": 0.5201465201465202
    }
  },
  "60": {
    "15": {
      "R4": 0.59,
      "C4": 800,
      "C1": 196.66666666666666,
      "E": 0.5402930402930403
    },
    "25": {
      "R4": 0.584,
      "C4": 750,
      "C1": 194.66666666666666,
      "E": 0.5347985347985348
    },
    "35": {
      "R4": 0.58,
      "C4": 600,
      "C1": 193.33333333333334,
      "E": 0.5311355311355311
    },
    "45": {
      "R4": 0.582,
      "C4": 400,
      "C1": 194.0,
      "E": 0.532967032967033
    }
  },
  "70": {
    "15": {
      "R4": 0.614,
      "C4": 800,
      "C1": 204.66666666666666,
      "E": 0.5622710622710623
    },
    "25": {
      "R4": 0.606,
      "C4": 750,
      "C1": 202.0,
      "E": 0.554945054945055
    },
    "35": {
      "R4": 0.598,
      "C4": 600,
      "C1": 199.33333333333334,
      "E": 0.5476190476190477
    },
    "45": {
      "R4": 0.596,
      "C4": 400,
      "C1": 198.66666666666666,
      "E": 0.5457875457875457
    }
  },
  "80": {
    "15": {
      "R4": 0.636,
      "C4": 800,
      "C1": 212.0,
      "E": 0.5824175824175825
    },
    "25": {
      "R4": 0.628,
      "C4": 750,
      "C1": 209.33333333333334,
      "E": 0.5750915750915752
    },
    "35": {
      "R4": 0.622,
      "C4": 400,
      "C1": 207.33333333333334,
      "E": 0.5695970695970696
    },
    "45": {
      "R4": 0.616,
      "C4": 400,
      "C1": 205.33333333333334,
      "E": 0.5641025641025641
    }
  },
  "90": {
    "15": {
      "R4": 0.674,
      "C4": 1200,
      "C1": 224.66666666666666,
      "E": 0.6172161172161172
    },
    "25": {
      "R4": 0.658,
      "C4": 1000,
      "C1": 219.33333333333334,
      "E": 0.6025641025641026
    },
    "35": {
      "R4": 0.648,
      "C4": 700,
      "C1": 216.0,
      "E": 0.5934065934065934
    },
    "45": {
      "R4": 0.64,
      "C4": 600,
      "C1": 213.33333333333334,
      "E": 0.5860805860805861
    }
  },
  "100": {
    "15": {
      "R4": 0.72,
      "C4": 1200,
      "C1": 240.0,
      "E": 0.6593406593406593
    },
    "25": {
      "R4": 0.698,
      "C4": 800,
      "C1": 232.66666666666666,
      "E": 0.6391941391941391
    },
    "35": {
      "R4": 0.688,
      "C4": 650,
      "C1": 229.33333333333334,
      "E": 0.63003663003663
    },
    "45": {
      "R4": 0.682,
      "C4": 400,
      "C1": 227.33333333333334,
      "E": 0.6245421245421245
    }
  },
  "110": {
    "15": {
      "R4": 0.782,
      "C4": 1200,
      "C1": 260.6666666666667,
      "E": 0.7161172161172161
    },
    "25": {
      "R4": 0.756,
      "C4": 1050,
      "C1": 252.0,
      "E": 0.6923076923076923
    },
    "35": {
      "R4": 0.742,
      "C4": 800,
      "C1": 247.33333333333334,
      "E": 0.6794871794871795
    },
    "45": {
      "R4": 0.728,
      "C4": 700,
      "C1": 242.66666666666666,
      "E": 0.6666666666666666
    }
  },
  "120": {
    "15": {
      "R4": 0.9,
      "C4": 1200,
      "C1": 300.0,
      "E": 0.8241758241758241
    },
    "25": {
      "R4": 0.856,
      "C4": 1200,
      "C1": 285.3333333333333,
      "E": 0.7838827838827839
    },
    "35": {
      "R4": 0.832,
      "C4": 800,
      "C1": 277.3333333333333,
      "E": 0.7619047619047619
    },
    "45": {
      "R4": 0.824,
      "C4": 800,
      "C1": 274.6666666666667,
      "E": 0.7545787545787547
    }
  },
  "125": {
    "15": {
      "R4": 0.958,
      "C4": 1200,
      "C1": 319.3333333333333,
      "E": 0.8772893772893773
    },
    "25": {
      "R4": 0.926,
      "C4": 1200,
      "C1": 308.6666666666667,
      "E": 0.8479853479853481
    },
    "35": {
      "R4": 0.892,
      "C4": 800,
      "C1": 297.3333333333333,
      "E": 0.8168498168498168
    },
    "45": {
      "R4": 0.872,
      "C4": 800,
      "C1": 290.6666666666667,
      "E": 0.7985347985347986
    }
  },
  "130": {
    "15": {
      "R4": 1.056,
      "C4": 1200,
      "C1": 352.0,
      "E": 0.967032967032967
    },
    "25": {
      "R4": 0.998,
      "C4": 1200,
      "C1": 332.6666666666667,
      "E": 0.913919413919414
    },
    "35": {
      "R4": 0.958,
      "C4": 800,
      "C1": 319.3333333333333,
      "E": 0.8772893772893773
    },
    "45": {
      "R4": 0.93,
      "C4": 800,
      "C1": 310.0,
      "E": 0.8516483516483516
    }
  },
  "135": {
    "15": {
      "R4": 1.002,
      "C4": 1200,
      "C1": 334.0,
      "E": 0.9175824175824175
    },
    "25": {
      "R4": 0.99,
      "C4": 1200,
      "C1": 330.0,
      "E": 0.9065934065934066
    },
    "35": {
      "R4": 0.946,
      "C4": 1050,
      "C1": 315.3333333333333,
      "E": 0.8663003663003662
    },
    "45": {
      "R4": 0.918,
      "C4": 800,
      "C1": 306.0,
      "E": 0.8406593406593407
    }
  },
  "150": {
    "15": {
      "R4": 0.978,
      "C4": 1200,
      "C1": 326.0,
      "E": 0.8956043956043956
    },
    "25": {
      "R4": 0.944,
      "C4": 1150,
      "C1": 314.6666666666667,
      "E": 0.8644688644688645
    },
    "35": {
      "R4": 0.908,
      "C4": 800,
      "C1": 302.6666666666667,
      "E": 0.8315018315018315
    },
    "45": {
      "R4": 0.882,
      "C4": 800,
      "C1": 294.0,
      "E": 0.8076923076923077
    }
  },
  "160": {
    "15": {
      "R4": 0.9,
      "C4": 1200,
      "C1": 300.0,
      "E": 0.8241758241758241
    },
    "25": {
      "R4": 0.87,
      "C4": 800,
      "C1": 290.0,
      "E": 0.7967032967032966
    },
    "35": {
      "R4": 0.858,
      "C4": 800,
      "C1": 286.0,
      "E": 0.7857142857142857
    },
    "45": {
      "R4": 0.842,
      "C4": 750,
      "C1": 280.6666666666667,
      "E": 0.7710622710622711
    }
  }
}